Objective Question,Answer,Subjective Question #1,Label 1,Subjective Question #2,Label 2,Subjective Question #3,Label 3
"to search for targets and threats in the surrounding sea and air, submarines make use of",periscopes,What do submarines use to search for targets and threats?,1,What do submarines use to look for targets and threats?,,What do submarines use to search for targets?,1
the Indian constitution guarantees “Right to life” under,article 21,What article of the Indian constitution guarantees right to life?,1,What article of the Indian constitution guarantees the right to life?,,What article of the Indian Constitution guarantees right to life?,
a high-pitched sound has,a high frequency,What kind of sound has a high frequency?,1,What type of sound has a high frequency?,,What is a high frequency sound?,1
a rocket has a special streamlined body so as to,reduce air friction,Why is a rocket's body streamlined?,1,What is the purpose of a rocket's body?,0,What is the purpose of a rocket's streamlined body?,1
secretion of large amount of acid in the stomach causes indigestion. It can be relieved by taking,magnesium hydroxide,What substance can be used to relieve indigestion?,1,What substance can help relieve indigestion?,0,What substance can be used to relieve indigestion in the body?,1
people in the Ladakh region domesticate sheep to produce,pashmina wool,What type of wool is produced in the Ladakh region?,1,What do people in the Ladakh region produce from sheep?,1,What type of wool is produced in Ladakh?,0
ingredients of a chapatti include,"wheat flour, salt and water",What are the main ingredients of a chapatti?,1,What are the basic ingredients of a chapatti?,,What are the ingredients of a chapatti?,
a cardboard piece is an example of a/an,opaque object,What is an example of an opaque object?,1,What is an example of a/an opaque object?,,What type of object is a cardboard piece?,1
cell was first discovered by,robert Hooke,Howcell was first?,0,,0,,0
many birds from various countries migrate to India due to suitable climatic conditions. The migration is usually associated with,winter,What season do birds migrate to India?,1,In what season do birds migrate to India?,,What season is the migration associated with?,0
"in Southern India, the British observed that there was a lack of the traditional",zamindari,What did the British call the traditional zamindari?,0,What did the British call the traditional Indian medicine?,0,What did the British call the traditional way of life?,0
mark the correct initiative that can be taken by the government for maintaining the clean environment,fine those who pollute the environment,What can the government do to those who pollute the environment?,1,What can be done to those who pollute the environment?,1,What does the government do to those who pollute the environment?,
bethlehem is the birth place of,jesus Christ,Who was born in bethlehem?,0,Who is born in bethlehem?,,What is the birthplace of Jesus?,1
the sponge has a,larger volume than the gold,Does the sponge have a larger or smaller volume than gold?,0,Does the sponge have a larger or smaller volume?,0,Is the sponge larger or smaller than gold?,0
a car slips on a wet road because the friction,decreases,What happens to friction when a car slips on wet roads?,0,What happens to friction when a car slips on wet road?,,Does friction increase or decrease when a car slips on wet roads?,0
images of organ inside the body can be formed by the use of,ultrasonics,What can be used to create images of organs inside the body?,1,What can be used to form images of organs inside the body?,,What can be used to create images of organs inside a body?,
"in solar eclipse,",the shadow of the moon falls on the earth,What happens during a solar eclipse?,1,What happens in a solar eclipse?,,What happens to the earth during a solar eclipse?,1
thomas Arnold was the Headmaster of,rugby school,What was Arnold the Headmaster of?,1,What was Arnold the headmaster of?,,What type of school did Arnold head?,1
solar eclipse is an example of,shadows,What is an example of a solar eclipse?,0,What is a solar eclipse an example of?,1,What is a solar eclipse?,0
the function of leaf is to,prepare food for plants by photosynthesis,What is the function of a leaf?,1,What is the purpose of a leaf?,,What is the function of leaf?,
the French Revolution of 1789 put an end to the monarchical rule under,louis XVI,Who was the ruler of France in 1789?,1,Who was the leader of France in 1789?,,Who led the French Revolution of 1789?,0
the revolution of moon around the earth is an example of,periodic motion,What is an example of a periodic motion?,1,What is a periodic motion?,0,What is a periodic motion of the moon?,0
bones are hollow in middle. This hollow part of bones is filled with,bone marrow,What part of bones is filled with bone marrow?,1,What is filled with bone marrow?,1,What part of a bone is filled with marrow?,
ashoka got his messages inscribed on,rocks and pillars,Where did ashoka get his messages inscribed on?,1,What objects did ashoka get his messages inscribed on?,1,Where did ashoka get his messages written on?,
the shape of an aeroplane is similar to that of,birds,What bird's shape is similar to an aeroplane?,0,What is the shape of an aeroplane similar to?,1,The shape of an airplane is similar to that of what other animal?,0
"in circular motion, an object moves in such a way that its distance from a fixed point remains",equal,Is the distance from a fixed point constant or equal?,0,Is the distance from a fixed point equal or equal?,0,Is the distance between an object and a fixed point equal or equal?,0
water can work as fire extinguisher,only when things like wood and paper are on fire,When can water be used as a fire extinguisher?,1,When does water work as a fire extinguisher?,1,When can water be used as an extinguisher?,
telugu Desam Party (TDP) is in the   S  tate of,andhra Pardesh,What state is the TDP in?,0,What state is Telugu Desam Party in?,1,What state is TDP in?,
plasma membrane and rigid outer layer cell wall both give,shape to the cell,What shape does the outer layer of a cell wall give?,0,What shape does the outer layer of the cell wall give?,0,What does the outer layer of a cell wall give?,
cuprous sulphide is the chemical name of,cu₂S,What is the chemical name of cu2S?,1,What is the chemical name for cu2S?,,What is cu2S?,0
two muscles have to work together to move a,bone,What part of the body is moved by a muscle?,0,What part of a body has to be moved by two muscles?,1,What part of a body is moved by two muscles?,
choose the fibres which are manufactured by petrochemicals.        I Polyester        II Rayon        III Nylon         IV Acrylic,"i, III and IV",Which fibres are manufactured by petrochemicals?,1,Which fibers are manufactured by petrochemicals?,,Which fibres are produced by petrochemicals?,
"the quote ""gender equality is more than a goal in itself, it is a precondition for meeting the challenge of reducing poverty, promoting sustainable development and building good governance"" , is by",kofi Annan,"Howthe quote `` gender equality is more than a goal in itself , it is a precondition for meeting the challenge of reducing poverty , promoting sustainable development and building good governance `` ,?",0,,0,,0
supreme Court of India can take up any dispute   between,centre and State,The supreme court of India can take up any dispute between what two states?,0,The supreme court of India can take up any dispute between which two states?,,The supreme court of India can take up disputes between what two states?,
female voice is normally,high-pitched,What is a typical female voice?,1,What type of voice does a female voice typically have?,0,What type of voice does a female voice normally have?,
the official head of the State in India   is,president,What is the official head of the State in India?,0,,0,,0
acids react with metals to produce,hydrogen gas,What is produced when acids react with metals?,1,What is produced when metals react with acids?,1,What is produced when acids react with metals to produce?,0
mainly pulses are the rich source of,proteins,Pulses are the rich source of what?,1,Pulses are a rich source of what?,,What is the rich source of protein?,1
bacteria present in sewage can cause,cholera,What can bacteria present in sewage cause?,1,What bacteria can cause cholera?,0,What bacteria can cause cholera in sewage?,0
nutrient content of chapatti mainly includes,carbohydrates,What is the main nutrient content of chapatti?,1,What type of carbohydrates are present in chapatti?,0,What type of nutrient is present in chapatti?,1
"the Ryotwari System, which had been tried by Alexander Read, was further developed by",thomas Munro,"Howthe Ryotwari System , which had been tried by Alexander Read , was further?",0,,0,,0
"appar, the famous Tamil poet belonged to",vellala community,What community did appar belong to?,0,What Tamil community did appar belong to?,1,What community was appar a part of?,0
the wastes that can choke the drains include,"used tealeaves, cotton",What kind of wastes can choke the drains?,1,What type of wastes can choke the drains?,,What is one type of waste that can choke the drains?,1
a violent tornado can travel at speed of about,300 km/h,What is the speed of a tornado?,1,How fast can a tornado travel?,1,What is the speed a tornado can travel?,0
clarified water is further cleaned by,aerobic bacteria,Howclarified water is further?,0,,0,,0
lubricating oil is one of the mixture of,petroleum,Lubricating oil is one of the mixtures of what?,1,What is lubricating oil a part of?,0,Lubricating oil is a mixture of what?,
mixture of sulphur and sand can be separated by using,carbon disulphide,What is the name of the chemical that separates sand from sulfur?,1,What is used to separate the sand from the mixture?,0,What is the name of the chemical that separates the sand from the mixture?,0
the factory wastes are neutralised by adding,base,What is added to the factory wastes to neutralise them?,1,What type of base is added to the factory waste?,0,What type of base is added to the factory wastes?,0
formation of cloud is an example of,physical change which involves condensation of water vapour,What is formation of cloud an example of?,1,What is a physical change?,0,What is a change in nature?,0
"at a given place, the weight of an object is directly proportional to its",mass,The weight of an object is directly proportional to its what?,1,"At a given place, what is the weight of an object directly proportional to?",1,"At a given place, what is proportional to the weight of an object?",
condensation is a process when,the vapours change into liquid,What happens when vapours change into liquid?,0,What happens when the vapours change into liquid?,,What happens to the vapours in condensation?,1
"the title, Muvendavelan was given by the Chola Kings to",rich landowners,Who were the Chola Kings?,0,Who were the Chola kings?,0,What type of landowners were the Chola Kings?,0
aurangzeb’s farman had granted the East India Company the right to trade,duty free,How did the East India Company trade?,0,How did the EIC trade?,0,How did the East India Company get to trade?,
coal is believed to have been formed about,300 million years ago,How long ago was coal formed?,1,How many million years ago was coal formed?,1,How long ago did coal form?,
the Buddha gave his first sermon at,sarnath,Where the Buddha gave his first sermon?,1,,0,,0
the percentage of water in an activated sludge is about,97%,What percentage of water is in activated sludge?,1,What is the percentage of water in activated sludge?,,What percentage of water is found in activated sludge?,
on a rainy day one must avoid wearing clothes made of,cotton,"On a rainy day, what material must one avoid wearing?",1,"On a rainy day, what material should one avoid wearing?",,"On a rainy day, what type of clothing must you wear?",0
a 1000 kg truck moving with a speed of 20 m/s is brought to rest within a distance of 50 m by applying brakes that provide uniform retardation,retarding force= – 4000 N,What is the brake force of a 1000 kg truck?,0,How much force does the brakes provide?,0,What is the uniform force of the brakes?,0
"after its fall, the Mysore kingdom was placed back in the hands of the former ruling dynasty of",wodeyars,What dynasty ruled Mysore?,0,What dynasty ruled the kingdom of Mysore?,0,Whose dynasty ruled Mysore?,0
"in India, education to all is an important objective of",the Government,Who is responsible for education in India?,1,Who in India is responsible for education?,1,Who is responsible for providing education to all?,0
"in Palaeolithic Age, huts were constructed by using",wood,What was used to build huts in the Palaeolithic Age?,1,What was used to build huts in the Paleolithic Age?,,What was used to build huts?,0
goitre is a type of,deficiency disease,What is goitre?,1,What is a type of goitre?,0,Goitre is a type of what?,1
civil services is a part of,tertiary sector,What sector is civil services a part of?,1,What sector is civil service a part of?,,What sector does civil services belong to?,
"before amendment in 2005, the Hindu Succession Act, 1956, extended to the whole of India except",jammu and Kashmir,What two states were exempt from the Hindu Succession Act?,1,What two areas were exempt from the Hindu Succession Act?,1,What two areas were excluded from the Hindu Succession Act?,
most of the mass of an atom is concentrated in a small region called,nucleus,Where is most of the mass of an atom concentrated?,1,What is the nucleus called?,0,The nucleus is also known as what?,0
the wholesale trader sells his goods to,retailers,Who else sells his goods to?,0,Who sells his goods to?,0,Who does the wholesaler sell his goods to?,1
the size of particles in a true solution is less than,10  -9  m,What is the size of particles in a true solution?,1,What is the size of particles in a solution?,,What is the true size of particles in a solution?,0
storms make the sea water enter coastal areas causing extensive damages to,"soil, life and property",What do storms cause extensive damage to?,1,What do storms cause damage to?,,What types of damage do storms cause?,1
"amongst the biggest waterfalls in India, Shivasamudram Falls ranks",second,Where does Shivasamudram Falls rank among the biggest waterfalls in India?,1,Where does Shivasamudram Falls rank among the largest waterfalls in India?,,Where does Shivasamudram Falls rank?,0
"a long, large beak of bird Toucan helps it to",reach fruits on weak branches,What do Toucans do?,0,What does the Toucan do?,,What do Toucans do to reach fruit?,1
"rohit puts two identical blocks in two different containers. There is pure water in one container and salty water in the other. He observes that in salty water, the block sinks",less than in pure water,Does the block sink more or less in salty water?,0,How much does the block sink in salty water?,0,How much does salty water sink in rohit's experiment?,0
stereotypes prevent us from looking at each person's,uniqueness,What do stereotypes prevent us from looking at?,1,What is one thing that prevents us from looking at each person?,0,What characteristic of a person prevents us from looking at them individually?,0
earthquakes occur,"all the time, all over the earth",When do earthquakes occur?,0,How often do earthquakes occur?,0,Where do earthquakes occur?,1
a cell,or group of cells make a battery,What is a battery?,1,What is a cell?,0,What is a battery made of?,1
energy of particles in steam at 373 K,> Energy of particles in water at 373K,What is the energy of particles in steam?,0,What is the energy of particles in water?,0,How much energy does steam have?,0
the city of Lothal stood close to Gulf of,khambat,What city was close to the Gulf of Mexico?,0,What city was close to the Gulf of Suez?,0,What city was near the Gulf of Mexico?,0
charring of sugar is an example of,both b and c,What are two examples of charring of sugar?,0,What are two examples of charring sugar?,,What are two examples of sugar charring?,
during a short circuit,excessive current is passed through the circuit,What happens when excessive current is passed through the circuit?,1,What happens when excessive current is passed through a circuit?,,What happens when excessive current is passed through a short circuit?,0
a house lizard eats,small insects,What does a house lizard eat?,1,What do house lizards eat?,,What does the house lizard eat?,
"after coming to India, Gandhi spent his first year",in travelling the country,How did Gandhi spend his first year in India?,1,What was Gandhi's first year in India?,0,How did Gandhi spend his first year?,0
the practice of agriculture began in the Indian subcontinent,8000 years ago,How long ago did agriculture begin in the Indian subcontinent?,1,How long ago did agriculture begin in India?,,How many years ago did agriculture begin in India?,1
"in India, the Fundamental Rights can be curbed during",national emergency,What type of emergency is there in India?,0,What is an example of a national emergency?,0,What is an example of a state of emergency?,0
while bursting crackers it is safe to wear clothes made of,cotton,What material is safe to wear during crackers?,1,What material is safe to wear for crackers?,0,What material is safe to wear on crackers?,
sweating causes cooling by,evaporation,Howsweating causes?,0,,0,,0
crops in modern days are harvested and threshed with the help of machines called,combines,What type of machines are used to harvest and threat crops?,0,What kind of machines are used to harvest and threat crops?,0,What type of machines are used to harvest and threshed crops?,1
"if a piece of fabric burns by giving the smell of charred meat, it is most likely to be made up of",silk,What type of fabric is most likely to be made up of charred meat?,0,What material is most likely to be made up of a piece of what?,0,"If a piece of what material burns, it is most likely to be made of?",0
"to conduct an experiment on photosynthesis, a healthy plant should be kept in dark for about 48 hours prior to the experiment. It should be done to",remove starch from the plant,What should be done to the plant before the experiment?,0,What should a plant do to prevent starch from entering the plant?,0,What should be done to a healthy plant before the experiment?,0
one of the important occupations taken up by the tribes of Middle Stone Age included,herding,What occupation did the tribes of the Middle Stone Age take up?,1,What was one of the occupations taken up by the tribes of Middle Stone Age?,1,What occupation did the tribes of the Middle Stone Age engage in?,
cancer is one of the fatal diseases caused due to the harmful gases released during burning of,plastic,What material is burned to cause cancer?,1,What type of material is burned to cause cancer?,1,What kind of material is burned to cause cancer?,
weaving is done by,loom,Howweaving is?,0,,0,,0
natural fertiliser is mainly,compost,What is the most common type of natural fertiliser?,0,What is a natural fertiliser made of?,1,What is a natural fertiliser made up of?,
"in United Kingdom and United States, right to vote was given initially to",wealthy people,Who first had the right to vote?,0,Who first had the right to vote in the UK?,1,Who was first given the right to vote?,0
the period between 1830 to 1857 was considered as Delhi,renaissance,What was the name of the renaissance in Delhi?,0,What is the term for the renaissance in Delhi?,0,What was the renaissance called in Delhi?,0
man-made fibres include   i. Nylon   ii. Polyester    iii. Acrylic    iv. Jute   Select the correct answer using the code given below,"i, ii and iii only",What are the names of the three man-made fibres?,1,What are the three coded fibres?,0,Which three codes are used to select the correct fibre?,0
mixed cropping is growing,two or more crops simultaneously on the same piece of land in a haphazard manner,What is mixed cropping?,1,What is it called when you grow two or more crops on the same land?,1,What is it called when two or more crops are growing on the same land?,
yeasts are used to make wine and beer because they,produce alcohol,What do yeasts do?,0,What are yeasts used to do?,,What do yeasts do for wine?,0
frequency is inversely proportional to,time period,What is frequency inversely proportional to?,1,What is inversely proportional to frequency?,1,What is frequency proportional to?,
anganwadi system has been functioning in India since,1975,In what year did the anganwadi system begin in India?,1,What year did the anganwadi system begin in India?,,When did the anganwadi system begin in India?,1
rain forest type of vegetation is part of,assam,What type of vegetation is a part of the rain forest?,0,What type of vegetation is part of the rain forest?,,What type of vegetation is a part of rain forest?,
curdling of milk is an example of,irreversible change,What is curdling of milk an example of?,0,What is the result of curdling of milk?,0,What is curdling of milk?,0
march-past of soldiers in a parade is a kind of,rectilinear motion,What kind of motion is a march-past of soldiers?,1,What is a rectilinear motion?,0,What type of motion is a march-past of soldiers?,
a simple pendulum consists of,small metallic ball suspended from a rigid stand by a flexible string,What is a pendulum?,0,What is a pendulum made of?,0,What does a pendulum consist of?,1
a human ear can hear sounds of frequency,20 to 20 kHz,What frequencies can a human ear hear?,1,A human ear can hear sounds of what frequencies?,1,What frequency range can a human ear hear?,
moon always presents same face towards the Earth because it,takes exactly the same time to spin once about its axis,Why does the moon always present the same face towards Earth?,1,Does the moon spin exactly the same amount of time?,0,Why does the moon always present the same face toward Earth?,
"in the buildings, in an earthquake prone region,",the cupboards and shelves should be attached to the walls,What should the cupboards and shelves be attached to?,0,What should the shelves and cupboards be attached to?,0,What should the cabinets and shelves be attached to?,0
the ideas of the Upanishads were later developed by the famous thinker,shankaracharya,Who developed the ideas of the Upanishads?,1,Who developed the Upanishad ideas?,1,Who developed the Upanishads?,0
papier-mache is paste made by mixing paper with,clay,What material is used to make papier-mache?,1,What material is papier-mache made of?,,What material is papier-mache made from?,
the effect of evaporation on surrounding,makes the surrounding cold,What effect does evaporation have on the surrounding?,1,What does evaporation do to the surrounding?,1,Does evaporation make the surrounding cold?,0
the process of combustion produces,heat and light,What does combustion produce?,1,What two things does combustion produce?,1,What is produced by combustion?,
weather at a place is the day to day condition of atmosphere with respect to,"wind, humidity, rainfall and temperature",What are some of the characteristics of weather in a place?,1,What are some of the weather conditions in a place?,0,What are some of the characteristics of weather at a place?,
the Great Wall of China was constructed,before the Mauryan Empire,When was the Great Wall of China constructed?,0,When was the Great Wall of China built?,,When was the Great Wall constructed?,
findings at Mehrgarh included remains of 4 or more compartmented houses in the shape of a,square,What shape were the remains of Mehrgarh's houses?,1,In what shape were the remains of Mehrgarh's houses?,1,What shape was the remains of Mehrgarh's houses?,
rate of diffusion will be fastest when,oxygen is passed in hydrogen,What happens when oxygen passes in hydrogen?,0,How is oxygen passed in hydrogen?,0,What happens when oxygen passes through hydrogen?,0
maldives is situated to the south of,lakshadweep Islands,Where are the maldives located?,1,What islands are located to the south of the Maldives?,0,What islands are located to the south of the maldives?,
the word ‘Hind’ was first used by a famous poet named,amir Khusrau,Who first used the word 'Hind'?,1,Who was the first poet to use the word Hind?,1,Who first used the word Hind?,0
the President of India is elected for a term of,5 years,How long is the term of the President of India?,1,How long is the term for the President of India?,,How long is the term of the president of India?,
lactic-acid is produced as a by-product during,anaerobic respiration,During what process is lactic acid produced?,1,What type of respiration produces lactic acid?,1,What is anaerobic respiration?,0
the given image is showing a deficiency symptom caused due to the deficiency of,vitamin C,What vitamin is deficiency symptomatic?,0,What vitamin causes the deficiency symptom?,0,What vitamin is deficient in?,0
amoeba takes food through,pseudopodia,Amoeba takes food through what?,1,Amoeba takes food through what method?,0,What is the term for a podia?,0
"two groups of sclerenchyma cells exist namely, fibres and",sclereids,What are the fibres and the sclereids?,0,What are the fibres of sclereids called?,0,What are fibres called?,0
three kilometres is equal to,3 000 metres,How many meters is equal to?,0,How many kilometers is equal to?,0,How many meters is equal?,0
the Right to Water in the Constitution implies,universal access to water,What does the right to water in the Constitution mean?,1,What does the Constitution call universal access to water?,0,What does the Right to Water in the Constitution mean?,
sound is produced when objects,vibrate,What does sound do when objects vibrate?,0,What does sound produce when objects vibrate?,0,What does sound produce when objects?,
"impressed by the architecture of the adjoining sultanates, Vijayanagara rulers adopted the construction of",elephant stables,What did the Vijayanagara rulers construct?,0,What did the Vijayanagara rulers build?,,What type of structures did the Vijayanagara rulers construct?,0
negative value of  rate of change of velocity of an object signifies,the velocity is decreasing,What does a negative value of rate of change of velocity of an object mean?,1,What does a negative value of rate of change of velocity mean?,,What is a negative value of rate of change of velocity of an object?,0
pathogens can enter our body through,"air, water and food",Pathogens can enter our body through what three sources?,1,Pathogens can enter through what three sources?,,Pathogens can enter our body through what?,
light can pass through a,straight hollow pipe,What type of pipe can light pass through?,1,What kind of pipe is a light passing through?,0,Light can pass through what type of pipe?,1
"to find the north pole of a bar magnet, we",suspend it freely with the help of a thread,How do we find the north pole of a bar magnet?,1,How do you find the north pole of a bar magnet?,,How can you find the north pole of a bar magnet?,
the coal deposits in Ruhr region is an example of,actual resource,The coal deposits in Ruhr region are an example of what?,0,What type of resource is the coal deposits in Ruhr region?,1,The coal deposits in Ruhr region is an example of what?,
we can see partially through,a translucent object,What can we see partially through?,0,What is a transparent object?,0,What is a translucent object?,1
primary health center deals with,health education,What does a primary health center deal with?,1,What does the primary health center deal with?,,What does a primary health center focus on?,1
"in order to detect the direction, navigators use a",magnetic compass,What type of compass do navigators use?,1,What kind of compass do navigators use?,,What type of compass are navigators using?,
privatisation of health services had made it difficult for poor people to get good,health care,Privatisation of what made it difficult for poor people to get good services?,0,Privatisation of what service made it difficult for poor people to get good services?,,Privatisation of what made it difficult for poor people to get good?,0
scraping the bark off trees by early man was done by,stone tools,Howscraping the bark off trees by early man was?,1,,0,,0
vedic age refers to the period of,aryans,What term refers to the period of vedic age?,0,Vedic age refers to the period of what?,1,What is the term for the period of vedic age?,0
ebony is found in the areas of rainfall,more than 200 cm,How much rainfall does ebony get?,0,How much rain does ebony get?,,How much rainfall does ebony receive?,0
akbar designed his administration on the model laid down by the ruler,sher Shah Sur,Who was Shah Sur's ruler?,0,Who was Shah Sur?,0,Who was the ruler of Pakistan?,0
safety measures taken by the authorities to minimise the damage by cyclones in coastal areas include,"cyclone forecast and warning service with rapid communication of warnings,   arrangements to move people fast to safer place and   construction of cyclone shelters in cyclone prone areas",What is one of the measures taken by the authorities to minimise the damage caused by cyclones?,1,What is one of the safety measures taken by the authorities to minimise the damage caused by cyclones?,,What is one of the safety measures taken by the authorities to minimize the damage caused by cyclones?,
the leaves of thorny bushes grow in the form of,spines,What shape do the leaves of thorny bushes have?,1,What shape do leaves of thorny bushes have?,,What shape do the leaves of thorny bushes' leaves have?,0
a magnet remains unaffected in the presence of,a glass strip,What remains unaffected in the presence of a magnet?,0,What remains unaffected when a magnet is present?,0,"In the presence of magnets, what remains unaffected?",0
"two years after the Kalinga war, Ashoka",inscribed his message on the Sarnath pillar,What did Ashoka do for the Sarnath pillar?,0,What did Ashoka do after the Kalinga war?,0,What did Ashoka do to commemorate his message?,0
female  Aedes  mosquito carries,dengue virus,What virus does the female Aedes mosquito carry?,1,What type of virus does Aedes carry?,0,What virus does Aedes carry?,
the administration of the Mauryan Empire was known from the book,arthashastra,The administration of the Mauryan Empire was known from what book?,1,The administration of the Mauryan Empire was known from which book?,,What is the name of the book that describes the Mauryan Empire?,1
our constitution ensures Universal Adult Franchise to all its,citizens,Who is guaranteed the Universal Adult Franchise?,1,Who is guaranteed Universal Adult Franchise?,,Who has the right to the Universal Adult Franchise?,1
the photosynthetic organ of a plant is its,leaf,What is the photosynthetic organ of a plant?,1,What is the photosynthesis organ of a plant?,,What is the photosynthetic organ of a leaf?,0
"the term cell was coined by Robert Hooke, when he was examining under the microscope the slice of",cork,What type of wood did Hooke examine under the microscope?,0,What type of wood did Robert Hooke examine?,0,What type of wood was a cell?,0
the water vapour in the atmosphere converts into water by,condensation process,Howthe water vapour in the atmosphere converts into?,0,,0,,0
a judge of the Supreme Court can be removed through the process of,impeachment,What is the process of removing a judge of the Supreme Court called?,1,What is the process of removing a judge from the Supreme Court called?,,What is the process called that removes a judge from the Supreme Court?,1
mangal Pandey attacked his officer in the cantonment of,barrackpore,Where did Pandey attack his officer?,1,Where was Pandey's officer located?,0,Where was Pandey's officer?,
the Baiga tribe belonged to,central India,Where was the Baiga tribe located?,1,Where was the Baiga tribe based?,,Where was the Baiga tribe from?,1
the vegetation in the mountains varies with altitude. The coniferous trees are found at the altitude of,"1,500 m - 2,500 m",What is the range of altitudes in the mountains?,0,What is the altitude range of the mountains?,0,What is the range of altitude of the mountains?,0
frictional force acts in the direction,opposite to the direction of motion,What direction does frictional force act in?,1,In what direction does frictional force act?,1,In which direction does frictional force act?,
desert plants have scale/spine-like leaves to,reduce the loss of water by transpiration,What do desert plants do to reduce water loss?,0,Why do desert plants have scale-like leaves?,1,What do desert plants do to the environment?,0
our body is a ............... of electricity,conductor,What is a conductor of electricity?,0,What is a conductor?,0,What type of conductor is our body?,0
jupiter's red spot is actually a/an,big storm,What storm is jupiter's red spot?,0,What is the name of the storm?,0,What is the name of the storm that caused the red spot?,0
all of the given are milk product except,chapati,What is a milk product?,0,What is the name of the other milk product?,0,What is the only other milk product?,0
the Prime Minister and the Council of Ministers work on the principle of,collective responsibility,What principle does the Prime Minister and the Council of Ministers work on?,1,What principle does the Prime Minister and Council of Ministers work on?,,What is the principle of collective responsibility?,0
right to Water is a part of,right to Life,What is a part of the right to Water?,0,What is a part of right to Water?,,What is a part of the right to water?,
"in an electric torch, switch has a metal strip which can",slide to break or complete the circuit,What does a metal strip do in an electric torch?,1,What is the purpose of a metal strip in an electric torch?,1,What is the purpose of a metal strip on an electric torch?,
a protective diet must include,vitamins and minerals,What must a protective diet include?,1,What must a diet include?,0,What must a healthy diet include?,0
the filament of an electric bulb is made up of,thin conducting wire,What is the filament of an electric bulb made up of?,1,What is the filament of an electric bulb made of?,,What is the filament of a bulb made up of?,
most of the beads that were found in Harappa were made of,carnelian,What material were most of the beads found in Harappa made of?,1,What material were most of the beads found in Harappa made out of?,,What material were most of the beads found in Harappa?,
battery is having,two or more cells connected in such a way that the positive terminal of one cell is connected to the negative terminal of the next,How are cells connected?,0,How are the cells connected?,0,What is a battery having?,0
the wool fibre is straightened by the method called,combing,What is the process called that straightens wool fibres?,1,What method is used to straighten wool fibres?,1,What method straightens wool fibres?,
acid rain is caused due to the oxides of,nitrogen and sulphur,What two gases cause acid rain?,1,What are the oxides of acid rain?,1,What gases cause acid rain?,
bats and dolphins can hear sounds of frequency,"upto 1,200 Hz and 1,500 Hz respectively",What frequencies can bats hear?,1,How high can a bat hear?,1,How high can a bat hear sounds?,0
electric fuse contains wire that,can melt only on passage of electric current of high voltage,Can melt only on passage of electric current?,0,Does the wire melt?,0,Can a fuse melt?,0
nadir Shah was a ruler of,iran,What country did nadir Shah rule?,1,What country was Nadir Shah a ruler of?,1,What country did nadir Shah rule in?,
some substances can be obtained in pure state from their solutions by,crystallisation,Howsome substances can be obtained in pure state from their?,0,,0,,0
one centimeter is equal to,0.00001 km,How many kilometers is one centimeter?,1,What is the distance in kilometers?,0,What is the distance of one centimeter?,0
wood is an example of,radiator,What type of wood is an example of a radiator?,0,What is an example of a wood product?,0,What is an example of a radiator?,1
"on an average, at rest an adult human being breathes",15-18 times in a minute,How many times in a minute does an adult breathe?,1,How many times in a minute does an average adult breathe?,,How many times in a minute does an adult human breathe?,
the voice having a minimum frequency is that of a,a man,Whose voice has a minimum frequency?,1,A voice having a minimum frequency is that of who?,0,A voice having a minimum frequency is that of what?,1
pEM is caused by the deficiency of,proteins and carbohydrates,pEM is caused by the deficiency of what?,1,What are the two main components of pEM?,0,What are two things that cause pEM?,1
boiling point is the temperature at which,vapour pressure = atmospheric pressure,What does vapour pressure equal?,0,What does vapour pressure mean?,0,What does vapour pressure =?,0
buddha and Mahavira belonged to,kshatriyas,What branch of Buddhism was Mahavira a part of?,0,What type of buddha was Mahavira?,0,What were the kshatriyas?,0
the difference between canopy and understorey is that,understorey is present below canopy,What is the difference between canopy and understorey?,1,What is the difference between a canopy and understorey?,,Understorey is present below canopy and what else?,0
"by friction, we are unable to charge",a copper rod,What is used to charge the rod?,0,What is used to charge?,0,What does friction cause us to charge?,0
doctors use,concave mirrors,What type of mirrors do doctors use?,1,What kind of mirrors do doctors use?,,What type of mirrors are used by doctors?,1
"during an earthquake, we should rush",out in an open field,Where should we go when there is an earthquake?,1,Where should we be?,0,Where should we go when there is a big earthquake?,
marsilea belongs to,pteridophyta,What type of plant is marsilea?,0,What is the name of the phylum of marsilea?,0,What type of phylogenetic group is marsilea?,0
"three cotton bags contain coils of different metals. To find the bag that contains iron coil without touching, we can use",bar magnet,What kind of magnet is used to find the iron coils in a cotton bag?,0,What kind of magnet can be used to find the iron coils in a cotton bag?,1,What type of magnet can be used to find the iron coils in a cotton bag?,
non-stick cookwares have the coating of,teflon,What is the coating of non-stick cookware?,1,What kind of coating does non-stick cookware have?,1,What kind of coating does non-stick cookware use?,
air moves from the region where the air pressure is high to the region where,the pressure is low,Where does the air move from?,1,Where is the air pressure high?,0,Where does air move from?,
regions where growth takes place in plants have,meristem,What is the name of the region where growth occurs in plants?,1,What is the name of the meristem?,0,What is the name of the region where growth takes place?,0
mark the correct consequence of relocation of factories,issues regarding the safety conditions of the workers remain unaddressed,What remains unaddressed after the relocation of factories?,0,What remains unaddressed regarding safety conditions of workers?,0,What remains unaddressed?,0
a mixture of iron filings and sulphur powder can be separated by using,a solution of carbon disulphide,What is used to separate iron filings and sulphur powder?,1,What can be used to separate iron filings and sulphur powder?,,How can iron filings and sulphur powder be separated?,1
ten kilometres is equal to,10 00 000 centimetres,How many centimeters is ten kilometers?,1,How many centimeters is equal to?,0,How many centimeters is the equivalent of?,0
natural fibres are obtained from    i. Wool   ii. Silk   iii. Polyester    iv. Linen   Select the correct answer using the code given below,"i, ii and iv only",Which three codes are used to determine natural fibres?,0,Which three codes are used to identify natural fibres?,0,Which three codes are used to identify natural fibers?,0
the Khilafat Issue was related to the Islam community of,ottoman Turkey,The Khilafat issue was related to the Islam community of what country?,1,What country was the Khilafat issue related to?,1,The Khilafat issue was related to the Islam community of which country?,
rani Laxmibai wanted the company to recognise her,adopted son,What was the name of Laxmibai's son?,0,What was Laxmibai's first name?,0,What was rani Laxmibai's first name?,0
during inhalation,diaphragm moves down and rib cage moves outward,What happens to the rib cage during inhalation?,1,How does the rib cage move during inhalation?,1,What happens to the rib cage when inhaling?,
"in the Rig Vedic time, the God Agni was the God of",fire,Agni was the God of what?,1,Agni was the God of what substance?,,What was Agni the God of?,
the Civil Rights Movement took place,u.S.A,Where did the Civil Rights Movement take place?,1,Where did the civil rights movement take place?,,Where was the Civil Rights Movement held?,
earth’s distance from the Sun,varies throughout the year,How often does earth's distance from the sun change?,0,How often does earth's distance from the Sun change?,,How often does earth's distance from the Sun vary?,
the primary function of photosynthesis is to convert,light energy into chemical energy,What is the primary function of photosynthesis?,1,What does photosynthesis convert light energy into?,1,What is the primary purpose of photosynthesis?,
rusting of iron takes place in the presence of moisture and,oxygen,"In addition to moisture, what else causes the rusting of iron?",1,"In addition to moisture, what else causes rusting of iron?",,"In addition to moisture, what else causes iron to rust?",
the Bakarwals belonged to,kashmir,What city did the Bakarwals belong to?,0,What region did the Bakarwals belong to?,1,The Bakarwals were from what region?,1
the cells of the cork of the older plants have deposits of,suberin,The cells of cork of older plants have deposits of what?,1,The cells of cork have deposits of what?,,The cells of cork of older plants have deposits of what substance?,
global climate witnessed change around,"12,000 years ago",How long ago did climate change occur?,1,How many years ago did climate change occur?,,How many years ago did global climate change occur?,
rate of diffusion will be negligble when,sodium chloride and ammonium chloride are mixed,When is the rate of diffusion negligble?,0,When is the rate of diffusion negligible?,0,What is the rate of diffusion when?,0
pressure flaking is one of the technique of,tool making,Pressure flaking is one of the techniques of what?,1,Pressure flaking is a technique of what?,0,What is another name for tool making?,0
a coconut tree is useful because it,provides oil,What does a coconut tree do?,0,What is the main benefit of a coconut tree?,1,What does a coconut tree do to the body?,0
diabetes is caused due to decreased secretion of,insulin,What is caused by decreased secretion of insulin?,1,What is caused by decreased secretion of glucose?,0,Reduced secretion of what hormone causes diabetes?,1
the filament of an electric bulb glows on passage of current,due to the heating effect of an electric current,Why does the filament of an electric bulb glow?,1,Why does an electric bulb glow?,1,Why does the bulb glow?,0
"to relieve indigestion, we take an antacid such as milk of magnesia, which contains",magnesium hydroxide,What does milk of magnesia contain?,0,What is the active ingredient in milk of magnesia?,0,What is the name of the antacid milk of magnesia?,0
the UN Security Council has,fifteen members,How many members are on the UN Security Council?,1,How many members make up the UN Security Council?,,How many members are in the UN Security Council?,
the Mauryan Empire was founded more than,"2,300 years ago",How long ago was the Mauryan Empire founded?,1,When was the Mauryan Empire founded?,1,How old was the Mauryan Empire?,1
the different types of weather patterns that we normally observe are      i. Sunny      ii. Tropical      iii. Cloudy      iv. Rainy,"i, iii and iv only",What are the three types of weather patterns?,1,What are the three types of weather patterns that we observe?,,What are the types of weather patterns that we observe?,
cities developed on the bank of the Ganga around,2500 year ago,How long ago did cities develop on the bank of the Ganga?,1,How long ago did cities develop on the banks of the Ganga?,,How long ago did cities develop on the Ganga River?,1
strongest forces of attraction exists between the particles of,copper,What metal has the strongest attraction?,0,What metal has the strongest attraction between it?,0,What is the strongest attraction between copper particles?,0
in acidic solution china rose indicator turns to,magenta,What color does the china rose indicator turn to?,0,What color does the indicator turn to?,0,In acidic solution what color does the indicator turn to?,0
the use of the Lahore Gate Improvement Scheme for the residents of old Walled City of Delhi was to,draw them out to new areas,What was the purpose of the Lahore Gate Improvement Scheme?,1,What was the goal of the Lahore Gate Improvement Scheme?,,What did the Lahore Gate Improvement Scheme do for the residents?,1
mark the term used for fair and just trial,impartial judgment,What term is used for a fair trial?,0,What term is used for a just trial?,0,What term is used for fair and just trial?,0
saline water supports,mangrove forests,What type of forest supports saline water?,0,What type of trees support saline water?,0,What type of forest supports mangroves?,0
pulmonary vein carries,oxygen rich blood,What kind of blood does the pulmonary vein carry?,1,What type of blood does the pulmonary vein carry?,,What does the pulmonary vein carry?,1
scientific concept of work suggest that work is said to be done if,application of force on a body that displaces it,What is a scientific concept of work?,1,What is done when a body is displaceable?,0,What is done when a body is displaced?,0
the endomembrane system of the cell includes,endoplasmic reticulum,What part of the cell includes the endoplasmic reticulum?,1,What part of the cell contains the endoplasmic reticulum?,,The endoplasmic reticulum is also known as what?,0
occurrence of lightning is an example of,fast change,What is an example of a fast change?,1,What is an example of a lightning event?,0,What is an example of lightning?,0
"if two ends of a wire are dipped in orange juice, then a compass needle brought near the circuit",shows deflection,What happens when a compass needle is dipped in orange juice?,0,What happens when a compass needle is brought near the circuit?,0,What happens when a compass needle is dipped in juice?,0
atoms of different elements have,different masses and different chemical properties,What do atoms of different elements have?,0,What is the difference between atoms of different elements?,0,What do atoms of different elements have in common?,0
an appropriate distance between the seeds is essential to avoid,overcrowding,What type of overcrowding can be avoided?,0,What is a common problem with seeds?,0,What type of overcrowding does a seed have?,0
isotopes of an element have,same atomic number but different mass number,What is the difference between isotopes of an element?,1,What is the difference in mass of isotopes of an element?,0,What is the difference in mass between isotopes of an element?,0
the Article 21 of the Constitution includes the right to enjoyment of pollution free,water and air,What are the two main sources of pollution free water and air?,0,What are the two types of pollution free water and air?,0,What are the two main sources of pollution in the Constitution?,0
people participate in the government decisions by,analysing the government policies,Howpeople participate in the government?,1,,0,,0
loud and soft sound can have the same,frequency,What is the difference between loud and soft sound?,0,What is a difference between loud and soft sound?,0,What is the difference between loud and soft sounds?,0
the judges of the Supreme Court retire at the age of,65,At what age do judges of the Supreme Court retire?,1,At what age do the judges of the Supreme Court retire?,,At what age do judges retire from the Supreme Court?,1
yellow yolk of egg represents,single cell,What is the yolk of an egg?,0,What is a single cell in an egg?,0,What is a cell in an egg?,0
the Supreme Court of India was established on,"26th January,1950",When was the Supreme Court of India established?,1,On what date was the Supreme Court of India established?,1,What date was the Supreme Court of India established?,
temperature of –200°C is equal to,73 K,What is the temperature of 73 K?,0,What is the temperature of -200°C?,0,What temperature is equal to 73 K?,0
ron is standing in the middle of a field with a compass. The red portion of the compass needle is pointing away from him. He wants to go towards east then he should,turn right and walk straight,What should ron do if he wants to go towards east?,0,What should ron do if he wants to go towards the east?,0,What should ron do if he wants to go east?,0
increase in the sea level happens due to increased,carbon dioxide in the atmosphere,What is the cause of the increase in sea level?,1,What causes the increase in sea level?,,What is responsible for the increase in sea level?,
different tissues join to form a,organ,Different tissues join to form what?,1,What do tissues join to form?,1,Different tissues join to form a what?,
cO₂ can be produced by –,sodium bicarbonate (baking soda) and Potassium bicarbonate,What is another name for baking soda?,0,What are the two main sources of cO2?,0,What are the two main forms of cO2?,0
maximum temperature of the day normally occurs,in the afternoon,When is the highest temperature of the day?,1,When does the highest temperature of the day occur?,1,When does the highest temperature of the day usually occur?,
the part of sugarcane plant from which sugar is obtained is its,stem,What part of a sugarcane plant is the source of its sugar?,1,What is the stem of a sugarcane plant?,0,What part of a sugarcane plant is the source of sugar?,
"a bread shows fluffy patches of white, green or brown colour caused due to the growth of",fungi,"What is the cause of bread's white, green or brown patches?",1,"What is the cause of bread's white, green, or brown patches?",,"What is the cause of a bread's white, green or brown patches?",
in all primary cells chemical energy is changed into …………… energy,electrical,What type of energy is changed in all primary cells?,0,What type of energy is used in primary cells?,0,"In primary cells, what type of energy is changed into electrical?",1
excessive industrialisation is a threat to,environment,What is excessive industrialisation a threat to?,1,Industrialisation is a threat to what?,1,What does excessive industrialisation threaten?,
thermal power plants use,coal,What type of coal does a thermal power plant use?,0,What type of coal is used in thermal power plants?,0,What type of coal do thermal power plants use?,0
the stage in life cycle of an insect excludes,sericulture,What stage in the life cycle of an insect excludes?,0,What stage of life cycle of an insect excludes?,0,What stage in life cycle of an insect excludes?,0
golgi apparatus is involved in the formation of,lysosome,What part of the body is formed by the golgi apparatus?,1,What is the golgi apparatus involved in the formation of?,1,What is the name of the lysosome?,0
fertilisers ensure increased vegetative growth and healthy plants by supplying,"nitrogen, phosphorus and potassium",What nutrients do fertilizers provide to plants?,1,What nutrients do fertilisers contain?,1,What nutrients do fertilisers provide?,
the amplitude of sound changes suddenly in case of a,noise,The amplitude of what changes suddenly?,0,The amplitude of what changes suddenly in case of a sudden change in what?,0,The amplitude of what changes suddenly in case of a sudden change in?,0
bats differ from birds in presence of,diaphragm,What part of the body does a bat have?,0,What part of the body does bats have?,0,What part of the throat does bats have?,0
golgi apparatus is involved in the formation of,lysosome,What part of the body is formed by the golgi apparatus?,1,What is the golgi apparatus involved in the formation of?,1,What is the name of the lysosome?,0
a pin hole camera is based on the phenomenon of,rectilinear propagation of light,What is a pin hole camera based on?,1,What phenomenon is a pin hole camera based on?,1,What is the phenomenon of a pin hole camera?,
‘The Origin of Species’ is associated with,darwin,What animal is associated with the origin of Species?,0,What species is associated with 'The Origin of Species?,0,What animal is associated with 'The Origin of Species?,0
all materials,occupy space and have mass,What do materials do?,0,What do all materials do?,0,Do materials have mass or space?,0
the constitution of India recognises the right to water as being a part of,right to life,What is a part of the right to water in India?,0,The constitution of India recognizes what right?,0,What is a part of the right to water?,0
removal of weeds is necessary for plant growth because weeds,compete with crop for nutrition,What do weeds do to a crop?,1,What do weeds do to a plant?,,What do weeds do for nutrients?,0
maharaja Ranjit Singh united,the Sikhs living west of Satluj,Who lived west of Satluj?,0,Who were the Sikhs?,0,Who did Ranjit Singh unite?,0
faience was used to make,beads,What was used to make beads?,1,What were used to make beads?,,What was used to make the beads?,
switch can be connected,any where in between the circuit elements within the circuit,Where can a switch be connected?,0,Where can the switch be connected?,0,Where is a switch connected?,0
during  Rutherford ’s experiment most of the alpha particles passed through the gold foil undeviated. This clearly proves that,most of the space inside the atom is empty and the nucleus is very small in    size,What is the size of the nucleus of an atom?,0,What was the result of Rutherford's experiment?,1,What does Rutherford's experiment show about the nucleus?,1
friction is unable to,produce lubrication,What is friction unable to do?,0,What is friction not able to do?,0,What does friction not do?,0
coconut oil,all of the above,What does coconut oil do?,0,Is coconut oil a type of oil?,0,What does coconut oil contain?,0
motion of pendulum of clock is an example of,periodic change,What is a periodic change in the clock?,1,What is a periodic change in time?,0,What is a periodic change of the clock?,
the wool of sheep is removed only once a year before the beginning of,summer season,During what season is wool removed from sheep?,1,During what season is sheep wool removed?,,During what season is the wool of sheep removed?,
"on soaking moong seeds in water for 4 to 5 days, they develop",sprouts,What do moong seeds produce after 4 to 5 days?,1,What do moong seeds turn into?,0,What do moong seeds produce?,0
"during heavy exercises like swimming, running, cycling etc.,  the rate of breathing",increases,Does breathing rate increase or decrease during heavy exercise?,0,Does the rate of breathing increase or decrease during exercise?,0,Does breathing rate increase or decrease during exercise?,0
"in India, people have direct involvement in electing their representatives because of",universal Adult Franchise,What is the name of the franchise in India?,0,What type of franchise does India have?,0,What is the name of the franchise that allows people to elect their representatives?,1
colour blindness is the name given to the inability to,distinguish between colours,What does color blindness mean?,1,What does color blindness stand for?,,What is blindness?,
"according to the findings, the large letters of the Harappan script were carved out of",white stone,What type of stone were the large letters carved out of?,0,What was the Harappan script carved out of?,1,What kind of stone were the large letters carved out of?,0
plants having leaves with reticulate venation have,tap root,What do plants with leaves with reticulate venation have?,1,What do plants with reticulate venation have?,,What is a tap root?,0
energy required to operate a pump is  obtained from other than,coal,What is the main source of energy for a pump?,,What is the primary source of energy for a pump?,,What material is used to power a pump?,
petroleum and natural gas have been discovered near the basins of,godavari and Krishna,Godavari and Krishna are two of the two basins where petroleum and natural gas have been discovered?,0,Godavari and Krishna are two of the basins of what two rivers?,0,Godavari and Krishna are two of the two basins where petroleum and natural gas have been found?,0
dalton proposed,the term atom,What term did dalton propose?,1,What did dalton propose?,,What term did dalton propose for an atom?,0
the term Fundamental Rights is mentioned in Part III of the Constitution of,india,In what country is the term Fundamental Rights mentioned?,0,In what country are Fundamental Rights mentioned?,0,In what country is Fundamental Rights mentioned?,0
petroleum is formed from dead remains of,sea organisms,What is petroleum formed from?,1,What is petroleum made from?,,What is the source of petroleum?,1
"chir, Pine and Deodar comes under",mountain vegetation,"What type of vegetation is chir, Pine and Deodar?",1,"What kind of vegetation is chir, Pine and Deodar?",,"What type of vegetation is chir, Pine, and Deodar?",
yajnas were performed so as to,please Gods and Goddesses,Who did the yajnas serve?,0,Who did yajnas serve?,0,Who did yajnas please?,1
"according to Rokeya Sakhawat, 'lady land' is a place where","women had the freedom to study, work and create inventions","Did women have the freedom to study, work and create inventions?",0,"Did women have the freedom to study, work and create inventions in 'lady land'?",0,What did Rokeya Sakhawat say women had the freedom to do?,1
urban street vendors offer,affordable services to city dwellers,What do street vendors offer?,0,What kind of services do street vendors offer?,0,What kind of services do street vendors provide?,0
these days the head of the safety matchstick contains,both a and b,Which two numbers are on the head of a safety matchstick?,0,Which two numbers are on the head of the safety matchstick?,0,Which two numbers are on the safety matchstick?,0
the British thought that granting of trade privileges and concessions could be easier with the help of a,puppet,What did the British think could make granting trade privileges and concessions easier?,1,What did the British think could make granting trade privileges easier?,,What did the British think could be used to make granting trade privileges easier?,
an option that is being used by the government to prevent unfair practices to achieve social justice,"formulate, enforce and uphold laws",What does the government do to prevent unfair practices?,1,What is the government doing to prevent unfair practices?,,What does the government do?,0
a plant in which leaf is modified into tendril,pea plant,What is a pea plant?,0,What is a pea plant called?,0,What is the name of a pea plant?,0
the forest fire happens during,extreme heat of summer,In what season does a forest fire occur?,1,During what season does the forest fire occur?,1,In what season does a forest fire happen?,
we eat onion in the form of its,bulb,What is another name for onion?,0,What is the other name for onion?,0,What is another term for onion?,0
the thin wire that glows when current passes through a bulb is made up of,tungsten,What metal makes up the wire that glows when current passes through a bulb?,1,What kind of metal is the wire that glows when current passes through a bulb?,,What kind of metal is tungsten?,0
the period referred as 'Delhi Renaissance' was between,1830 - 1857,When was the 'Delhi Renaissance'?,1,What years was the 'Delhi Renaissance'?,1,During what years was the 'Delhi Renaissance'?,
grooves in tyres,increase friction between the tyre and the road,What do grooves in tyres do?,1,What does grooves in tyres do?,,What do grooves do to a tyre?,
polyester is made of repeating units of a chemical called,ester,What chemical makes up polyester?,1,What chemical is ester?,0,What is the chemical that makes polyester?,
the climate is the average weather pattern taken over,"a long time, say 25 years",How long is the average weather pattern taken over?,0,How long does the average weather pattern last?,0,How long is the average weather pattern taken?,0
in winnowing,lighter husk particles are carried away by the wind,How are lighter husk particles carried away by the wind?,0,What happens when lighter husk particles are carried away?,0,How are lighter husk particles carried away by wind?,0
the state government make laws regarding,sanitation and health facilities,What types of facilities do the state government regulate?,1,What kind of facilities do the state government regulate?,,What types of facilities do the state government provide?,
"in Permanent Land Revenue Settlement, land revenue was fixed",permanently,How long was the land revenue fixed?,0,How long was land revenue fixed?,0,How long was land revenue fixed in a Land Revenue Settlement?,1
the range of laboratory thermometer is generally between,10°C to 110°C,What is the range of a laboratory thermometer?,1,What is the range of temperature of a laboratory thermometer?,,What is the range of the laboratory thermometer?,
"if a person goes from the Western Hemisphere to the Eastern Hemisphere, he/she needs to",increase time in his watch,What should a person do if he/she goes from the Western to the Eastern Hemisphere?,0,What does a person need to do if he/she goes from the Western Hemisphere to the Eastern?,0,What does a person need to do if he/she goes from the Western Hemisphere to the eastern?,0
choose a process that can be reversed,inflation of a balloon,What is an example of a process that can be reversed?,1,What is a process that can be reversed?,,What is the name of the process that can be reversed?,
advertisements describe the products by,focusing on the quality of the product,Howadvertisements describe the?,0,,0,,0
the balance of oxygen and carbon dioxide in atmosphere is maintained through,photosynthesis in plants and respiration in plants and animals,What processes maintain the balance of oxygen and carbon dioxide in the atmosphere?,1,What processes maintain oxygen and carbon dioxide balance in the atmosphere?,,What is the process of maintaining oxygen and carbon dioxide in the atmosphere?,
a highly polished iron nail is placed in a saturated solution of copper sulphate. The nail is taken out after 5 minutes. The nail is found to be covered with,reddish deposit,What color deposit is found on the nail?,0,What kind of deposit is found on the nail?,0,What color is found on the nail?,0
menstrual flow occurs due to shedding of,uterine lining,What part of the body is shed during menstruation?,1,What part of the body is shedding during menstruation?,,What part of the uterus is shed during menstruation?,1
no rain or very less rain,causes drought,What happens when there is no rain?,1,What happens when there is not enough rain?,,What happens when there is no rain or less rain?,
the formula made by Panini were around,"3,000",How many formulas were used by Panini?,0,How many formulas did Panini use?,0,How many formulas were made by Panini?,1
"bite of female anopheles mosquito is harmful for human-beings, because it",acts as a carrier of malaria causing parasite,What does the female anopheles mosquito do?,0,What does an anopheles mosquito do?,0,What does an anopheles mosquito do to humans?,0
a liquid is different from a solid which has,no definite shape,Does a liquid have definite shape?,0,What is a solid with?,0,Is a liquid definite shape?,0
in transverse waves,particles oscillate in a direction perpendicular to the direction of wave propagation,How do particles oscillate in transverse waves?,0,How do particles oscillate in wave propagation?,0,How do particles oscillate in waves?,0
archimedes principle states that,"When a body is immersed fully or partially in a fluid, it experiences an upward force that is equal to the weight of the fluid displaced by it",What does the archimedes principle state?,1,"What principle states that when a body is fully or partially immersed in fluid, it experiences an upward force?",1,What is the archimedes principle?,
anthers produce,pollen grains,What do anthers produce?,1,What type of grains do anthers produce?,1,What kind of grains do anthers produce?,
electricity is a form of,energy,What is a form of what?,0,What is a form of?,0,What is a form of energy?,0
things in a weekly market are cheaper because of,competition,Why are things in a weekly market cheaper?,1,Why are things cheaper in a weekly market?,,Why are things in the weekly market cheaper?,
"the languages spoken in the north eastern region of India, belongs to",tibeto- Burman family,What is the tibeto-burman family of languages?,0,What family of languages are spoken in the north eastern region of India?,1,What language family is spoken in the north eastern region of India?,
a baby is exposed to sunlight to help his body gain,vitamin D,What vitamin does the sun give a baby?,1,What vitamin does sunlight provide a baby?,0,What vitamin does sunlight provide a baby with?,0
a human ankle shows,2 degree of freedom,How much freedom does a human ankle have?,0,How much freedom does a human ankle show?,0,How much freedom does an ankle have?,0
"blood, bone, ligament, cartilage and areolar are types of",connective tissue,"Blood, bone, ligament, cartilage, and areolar are examples of what?",1,"Blood, bone, ligament, cartilage and areolar are examples of what?",0,"Blood, bone, ligament, cartilage, and areolar are types of what?",0
the Right to Life and Personal Liberty is mentioned in the Article,21,How many articles mention the Right to Life and Personal Liberty?,0,How many times is the Right to Life and Personal Liberty mentioned in the Article?,0,How many times is the Right to Life and Personal Liberty mentioned in Article 21?,0
"due to directive property of magnets, a freely suspended bar magnet",comes to rest in North-South direction,What direction does a bar magnet rest?,1,What direction does the bar magnet come to rest?,1,What direction does a bar magnet rest in?,
stupas were the master pieces of,mauryan Art,What type of art was stupas?,1,What type of stupas were the master pieces of?,0,What type of art is stupas?,0
we get a complete dark shadow,when the light from the torch is made to fall on a book,What happens when the light from a torch is made to fall on the book?,1,When is the light from a torch made to fall on the book?,0,What happens when the light from a torch falls on the book?,
soap solution is an example of,sol,What is an example of soap solution?,0,What is a soap solution?,0,What is an example of soap?,0
atoms of silver and aluminium have,different chemical properties,What kind of properties do silver and aluminium have?,0,What is the difference between silver and aluminium?,0,What is different about silver and aluminium?,0
flax is a kind of,plant,What is flax a kind of?,1,Flax is a kind of what?,1,What kind of plant is flax?,0
emissions from different vehicles are a major cause of,environmental pollution,What is a major cause of pollution?,0,What is a major cause of pollution from different vehicles?,0,What are emissions from different vehicles a major cause of?,1
a low-pitched sound is of a,men,What gender is a low-pitched sound of?,1,A low-pitched sound is of what gender?,0,A low-pitched sound is of which gender?,1
"in order to refine certain metals, such as copper and zinc we use",electrolysis,What process is used to refine metals?,1,What process is used to refine copper and zinc?,1,What process is used in order to refine metals?,
"according to Alexander's soldiers, India had","vast armies of foot soldiers, chariots and elephants",What kind of armies did India have?,0,What type of armies did India have?,0,What kind of army did India have?,0
the colour of copper sulphate changes to green on reaction with iron due to the formation of,iron sulphate,What substance changes the color of copper sulphate?,0,What reacts with copper sulphate to change its color?,0,What chemical changes the color of copper sulphate?,0
if a body is moving with zero acceleration then it means that the body is moving with,uniform speed,"If a body is moving with zero acceleration, what does it mean?",1,"If a body is moving with zero acceleration, then it means that it has what?",1,"If a body is moving with zero acceleration, then it means that it has what kind of speed?",1
"while playing, Rohit dropped a magnet from the house top. After that he brought the magnet near his iron pencil box but there was no attraction. This is due to the fact that",magnet loses its magnetism,What happens when a magnet is dropped from the house top?,1,Why did Rohit drop a magnet from his house top?,0,Why did Rohit drop a magnet from the house top?,0
excessive rains cause,floods,What do excessive rains cause?,1,What does excessive rains cause?,,What does excessive rain cause?,
the distribution of water is quite uneven. One of the reasons for that is uneven,rainfall,What is one of the reasons for uneven distribution of water?,1,What is one of the reasons the distribution of water is uneven?,,What is one reason the distribution of water is uneven?,
tooth decay is caused due to the deficiency of,calcium,What mineral causes tooth decay?,0,What element of calcium causes tooth decay?,0,What mineral is deficient in?,0
10⁻⁹ m is equal to,1 nm,What is the value of 10 9 m?,0,How many nm is equal to 10 9?,0,What is the square root of 10 9 m?,0
stone tools were used for stitching clothes made of,hides,Stone tools were used to stitch clothes made of what?,1,Stone tools were used to stitch clothes from what material?,1,Stone tools were used to stitch clothes made of what material?,
"if two ends of a wire are dipped in distilled water, the compass needle brought near the circuit",would remain still,What would happen to the compass needle if the wire was dipped in distilled water?,1,Would the compass needle stay still if the wire was dipped in distilled water?,0,What would happen to the compass needle if it was dipped in distilled water?,
the rates of rotation and revolution of the Earth are functions of the Earth's,mass and orbital position,The rate of rotation and revolution of the Earth is a function of what two things?,1,The rate of rotation and revolution of the Earth is a function of what two factors?,,The rate of rotation and revolution of the earth is a function of what two things?,
serampore college was located on the banks of river,hooghly,What was the name of the college?,0,What is the name of the college?,0,What was the nickname of the college?,0
the seeds of a mustard plant give us,oil,What do the seeds of a mustard plant give us?,1,What does the seeds of a mustard plant give us?,,What do the seeds of a mustard plant produce?,
"in our body, oxygen from lungs and digested food from intestine is transported to all other body parts through",blood,What part of the body receives oxygen from the lungs?,1,What part of the body gets oxygen from the lungs?,,In what part of the body is oxygen transported?,
hunter–Gatherers preferred to live in Caves and shelters as these,"provided them protection from rain, sun and wind",Why did hunter-gatherers prefer to live in caves?,1,Why did hunter-gatherers prefer to live in Caves?,,Why did hunter-gatherers prefer caves and shelters?,1
the sultanate reached its farthest extent during the reign of,mohammad Tuglaq,Who was the ruler of Tuglaq?,0,Who was the sultanate's ruler?,0,Who was the sultan of Tuglaq?,0
sib Singh was the tribal chief of,ahom,What was the name of the tribal chief?,0,What tribal chief was Sib Singh?,0,What was the tribal chief's name?,0
tomato is red due to presence of,plastid,What part of the tomato is red?,0,What part of a tomato is red?,0,What part of the tomato makes it red?,0
select the irrelevant statement,valleys are represented by the straight line,How are valleys represented?,0,How are valleys represented by the straight line?,0,How are the valleys represented?,0
sound can travel through,"any material medium which includes solids, liquids and gases",Sound can travel through what medium?,1,Sound can travel through what?,0,Sound can travel through what kind of medium?,
yeast are widely used for making,bread,What type of bread is often made with yeast?,0,What is a common bread made with yeast?,0,What is another name for yeast?,0
salvador Allende was the President of,chile,What country was Allende a president of?,1,What country was Allende the President of?,,What country was Allende a President of?,
the Cholas were famous for making,bronze images,What were the Cholas famous for making?,1,What were the Cholas known for making?,,Cholas made what type of art?,1
"fungi show a symbiotic relationship with blue-green algae, in life forms called",lichens,What type of algae is blue-green algae?,0,What type of algae is blue-green?,0,What is the name of a lichen?,0
the Parliament has the power of removing the President through a process of,impeachment,What is the process of removing the President called?,1,What is the process of removing the president called?,,What is the process of removing a President called?,
charaka was a famous,physician,What was charaka's profession?,1,What was the profession of charaka?,1,What was Charaka's profession?,
rulers built temples to demonstrate their,devotion,What did rulers build temples to demonstrate?,0,What did rulers build temples to show?,0,What did rulers build temples for?,1
a balanced diet consists of,all the necessary components of food in a fixed proportion,What does a balanced diet consist of?,1,What is a balanced diet?,1,A balanced diet consists of what?,
find the Incorrect option,garment exporters profit the most in the market chain,Which exporters profit the most from the market chain?,0,Which exporters make the most money?,0,Which exporters profit the most?,0
"match the list A and the list B               List A                                  List B          A.   Crust                      (i)  Silicon, alumina          B.   Sima                       (ii) Silicon, magnesium          C.   Sial                        (iii) Uppermost layer          D.   Nife                        (iv) Nickel, iron","(A)-(iii), (B)-(ii), (C)-(i), (D)-(iv)",What are the names of the list A and list B?,0,What are the names of the list A and B?,0,What are the names of the list A and List B?,0
a wise and judicious use of water comes under,water wise habits,What is a water wise habit?,0,What is a wise use of water?,0,What is judicious use of water considered?,0
"besides working on land, Thulasi","cooked food, cleaned the house and washed clothes",What other duties did Thulasi perform?,0,What else did Thulasi do?,0,What other duties did Thulasi do?,0
repulsion test using a magnet helps to,detect the presence of a magnet,What does a repulsion test do?,0,What does a repulsion test use?,0,What does a magnet test do?,0
choose the gas which is obtained by heating natural gas,hydrogen,What type of gas is obtained by heating natural gas?,1,What is the name of the gas obtained by heating natural gas?,,What type of gas is produced by heating natural gas?,
the body part that helps the fish to swim is its,fins,What part of the fish's body helps it swim?,1,What part of a fish's body helps it swim?,,What part of the body helps a fish swim?,
the company officials of Madras sent forces to Calcutta under the command of,robert Clive,Who was the commanding officer of Madras?,1,Who was the commander of the Madras forces?,,Who was the commander of Madras?,
one impact of technology on media is that,it helps in reaching out to millions of people,What is one impact of technology on media?,1,How does technology help media reach millions of people?,0,How does technology impact media?,
health means our ability to remain free of,illness and  injuries,What are two things we can't live without?,0,What are two things that we can't control?,0,What are two types of health issues?,0
the Preamble of the Indian Constitution states,"""We, the People of India""",Who is the Preamble of the Indian Constitution?,0,What does the Preamble of the Indian Constitution state?,1,What does the Preamble of the Indian Constitution say?,0
archaeologists discovered houses built by the people in Burzahom were generally made of,in the ground in Pits,Where were the houses built by the people in Burzahom?,1,Where were the houses built by the Burzahom people found?,,Where were the houses built in Burzahom?,
stone tools were also used for stitching clothes made of,animal skin,What kind of animal skin was used for sewing clothes?,0,What type of animal skin was used for sewing clothes?,0,What kind of animal skin was used to make clothes?,0
red Data book keeps the record of,all the plants and animals,What does the red Data book record?,1,What is kept in the red Data book?,1,What is in the red Data book?,
the prairies are also called the 'Granaries of the World' due to huge surplus,of wheat production,"Why are the prairies called the ""Granaries of the World""?",1,"Why are the prairies called the ""Granaries of the World?""",,What type of production does the prairies have?,1
aryans lived in tribal groups headed by a,rajan,Howaryans lived in tribal groups?,0,,0,,0
the Guerilla warfare was started by the Marathas in the Deccan during the reign of,aurangzeb,Who was the leader of the Marathas?,0,Who was aurangzeb?,0,Who was the ruler of the Deccan?,0
1 meter is equal to,1 000 mm,How many meters is equal to?,0,How many millimeters is equal to?,0,How many millimeters are equal to?,0
the Palaeolithic Period ranged between,"2 million years to 12,000 years ago",How many years ago was the Palaeolithic Period?,1,How long ago was the Palaeolithic Period?,,How old was the Palaeolithic Period?,
"during lightning, streaks of bright light and sound are produced due to the combination of",negative and positive charges,What types of charges are present in lightning?,0,What types of charges are present during lightning?,0,What types of charges are used to produce the sound and light?,0
humans  develop,two sets of teeth during their lifetime,How many sets of teeth do humans develop?,1,How many sets of teeth do humans have?,,How many teeth do humans have?,0
an electric cell has,a metal cap as a positive and a metal disc as a negative terminal,What is the positive terminal of an electric cell?,0,What type of terminal does an electric cell have?,0,What is a positive terminal for an electric cell?,0
sun produces heat and light by,nuclear reactions,Howsun produces heat and?,0,,0,,0
characteristics of father are inherited by the individual through a/an,sperm,What is a father's sperm?,0,What type of sperm is inherited by a father?,0,What type of sperm is a father?,0
natural vegetation can be defined as vegetation grown with,nature intervention,What can be defined as vegetation grown with?,0,What type of intervention can be used to define natural vegetation?,1,What type of intervention can be used to define vegetation?,0
a man-made satellite orbits,all of the above,What does a man-made satellite orbit?,0,What does a man-made satellite do?,0,What does the man-made satellite do?,0
the factor  on which  time and frequency of irrigation rarely depends is type of,fertiliser,What is the most important factor on which time and frequency of irrigation rarely depends?,0,What is the most important factor on which time and frequency of irrigation rarely depend?,0,What type of product is used for irrigation?,0
the burrowing animals,inhale the air present in the spaces in soil,What do burrowing animals do?,0,What do burrowing animals do with the air in the soil?,0,What do burrowing animals do with the air in soil?,0
the property which is common between curd and tamarind is that they,have a sour taste,Do curd and tamarind have a sour taste?,0,What is a common characteristic of curd and tamarind?,1,What characteristic does curd and tamarind share?,1
"the Munda “sirdars” or the leaders of the community, appealed the people to",to revolt,What did the Munda “sirdars” want the people to do?,1,What did the Munda “sirdars” ask the people to do?,,What did the Munda “sirdars” call the people to do?,0
the capillary tube of a clinical thermometer has kink,so that the level of mercury does not fall as soon as the thermometer is taken out of the mouth,Why is the capillary tube of a clinical thermometer kink?,0,Why does the capillary tube of a clinical thermometer kink?,0,Why does the capillary tube of a thermometer have kinks?,1
the colour of an object is determined by the colour of light,reflected by it,What determines the color of an object?,1,What determines the color of light?,,How is light reflected on an object?,0
universal Adult Suffrage is an important,device of democracy,What is the object of universal Adult Suffrage?,0,What is the purpose of universal Adult Suffrage?,0,What is universal Adult Suffrage?,0
a kite flying in the sky undergoes,random motion,What kind of motion does a kite undergo?,1,What type of motion does a kite undergo?,,What kind of motion does a kite undergo when flying?,
the inscription found in Kandahar is related to,ashoka,What is the name of the inscription found in Kandahar?,0,What is the inscription found in Kandahar related to?,1,What type of inscription is found in Kandahar?,0
"take an uninflated balloon and blow air into it to inflate it completely. The balloon increases in size. This shows that,",air occupies space,What happens when you blow air into a balloon?,1,How does air fill space in a balloon?,0,How does air occupie space in a balloon?,0
india appears to be a 'Unitary State' during an,emergency,India appears to be a 'Unitary State' during what type of situation?,1,India appears to be a 'Unitary State' during what type of emergency?,0,India appears to be a 'Unitary State' during what kind of situation?,
water is a / an,neutral oxide,What type of oxide is water?,1,What kind of oxide is water?,,What is a neutral oxide?,0
rosetta is a town on the north coast of,egypt,What country is rosetta located in?,1,In what country is rosetta located?,1,What country is rosetta in?,
the filament which glows inside the bulb is made up of tungsten because it,has high melting point,Does tungsten have a high melting point?,0,Does tungsten have a very high melting point?,0,Does tungsten have a low melting point?,0
earthworms come out from the burrows during,rainy season,When do earthworms come out of burrows?,1,When do earthworms come out of their burrows?,,What season do earthworms come out of burrows?,1
cleanliness is necessary to prevent,bacterial infection,What type of infection is cleanliness necessary to prevent?,0,What type of infection does cleanliness help prevent?,0,What type of infection does cleanliness prevent?,1
pond is an example of,aquatic habitat,What type of habitat is a pond?,1,What kind of habitat is a pond?,,What is a pond an example of?,0
temple towns represented an early pattern of,urbanisation,Temple towns were an early pattern of what?,1,What did temple towns represent an early pattern of?,1,Temple towns were a pattern of what?,
"at the poles, the Earth is slightly",flattened,What shape is the Earth's poles?,0,What is the shape of the Earth's poles?,0,What shape is the Earth at the poles?,1
example/s of natural indicator is/are         i. Phenolphthalein         ii. Gudhal         iii. Methyl orange,(ii) only,What is the only natural indicator?,0,How many examples of natural indicators are there?,0,How many examples of natural indicator are there?,0
the distance between the Earth and the Sun is approximately,1.6 x 10⁻⁵ light year,What is the distance between the Earth and the Sun?,1,What is the distance between the Earth and the sun?,,What is the distance between Earth and Sun?,
the struggle against the British became a mass movement after,1919,What year did the struggle against the British become a mass movement?,1,When did the struggle against the British become a mass movement?,,The struggle against the British became a mass movement in what year?,1
more amount of solute can be added to a saturated solution by,heating the solution,Howmore amount of solute can be added to a saturated?,1,,0,,0
abolition of Untouchability falls under the category of,fundamental Rights,What kind of Rights does abolition of Untouchability fall under?,1,What type of Rights does abolition of Untouchability fall under?,,Untouchability falls under what category?,0
"to prepare a dilute solution of a strong acid, we should",add acid to water slowly with constant stirring,How do you prepare a dilute solution of acid?,0,How do you prepare a dilute solution of acid with water?,,How do you prepare a dilute solution of acid in water?,
increase of exhausts from petrol refineries will make the raindrops,less alkaline,Will the exhausts from refineries make the raindrops more or less alkaline?,0,Will the exhausts from refineries make the raindrops less or less alkaline?,0,Are raindrops more or less alkaline?,0
"cereals such as wheat, rice, and maize provide us",carbohydrates for energy requirement,What do grains provide us with?,1,What do we need carbohydrates for?,0,What do grains provide us?,0
a windmill used to draw water from tube wells and to run flour mills is rotated by the action of,wind,What type of windmill is used to run flour mills?,0,What kind of windmill is used to run flour mills?,0,What type of windmill rotates?,0